vehicle_id,vehicle_type,fuel_type,age_years,idle_pct,driver_score,km,fuel_cost,maintenance_cost,co2_kg,idle_waste_cost,cost_per_km,co2_per_km,cost_z,anomaly
V001,Diesel Truck,Diesel,1,19.4,59,44224.0,1404600.8,73408.0,40916.632000000005,136246.2776,33.42096599131693,0.9252132778581766,-0.5871445116652044,1
V002,Petrol Van,Petrol,8,11.6,57,42332.0,486680.0,148046.0,11242.308,28227.440000000002,14.99399981101767,0.26557469526599264,0.3368920016484015,1
V003,CNG Bus,CNG,6,9.2,49,39636.0,541265.4,125558.0,19083.075,24898.2084,16.823680492481582,0.4814581441114139,-0.22036416739430428,1
V004,Hybrid Car,Hybrid,12,20.2,84,46013.0,330970.0,194772.0,7645.407,33427.97,11.425944841675179,0.16615754243366004,0.6421620348163902,1
V005,Diesel Truck,Diesel,8,10.0,81,45983.0,1432274.4,152623.0,41722.776,71613.72,34.46702911945719,0.9073521953765522,-0.15688020953036355,1
V006,Diesel Truck,Diesel,7,17.3,99,45270.0,1392512.0,140458.0,40564.48,120452.288,33.862823061630216,0.896056549591341,-0.40540086839227213,1
V007,Hybrid Car,Hybrid,7,9.2,57,42355.0,296840.0,140272.0,6857.004,13654.64,10.320198323692598,0.16189361350489906,-0.08066004536065306,1
V008,Diesel Truck,Diesel,6,18.0,59,42136.0,1405336.8,126060.0,40938.072,126480.312,36.34414277577368,0.9715699639263338,0.6152099020852594,1
V009,Electric Van,Electric,3,25.0,95,44680.0,94876.20000000001,96228.0,7484.678,11859.525,4.277175470008952,0.1675174127126231,-1.1830809094263135,1
V010,Diesel Truck,Diesel,9,25.6,40,46747.0,1752609.2,161915.0,51054.268000000004,224333.9776,40.955017434273856,1.0921399875927869,2.511744359520798,-1
V011,Diesel Truck,Diesel,3,10.6,71,46462.0,1409982.8,97420.0,41073.412000000004,74729.0884,32.44377771081744,0.8840216090568638,-0.9890793684180229,1
V012,Diesel Truck,Diesel,11,16.3,85,37976.0,1235412.8,179477.0,35988.112,100686.1432,37.25747314093112,0.9476540973246261,0.9908788666167518,1
V013,CNG Bus,CNG,12,23.2,46,38245.0,602011.8,189831.0,21224.775,69833.3688,20.70447901686495,0.5549686233494575,1.8738439970593845,-1
V014,Electric Van,Electric,10,12.9,78,45109.0,102713.4,172633.0,8102.946,6625.0143,6.104023587310737,0.17963036201201535,0.2205178957829056,1
V015,Hybrid Car,Hybrid,6,5.0,89,40221.0,246550.0,126492.0,5695.305,6163.75,9.274806693021059,0.141600283434027,-0.7640283768841499,1
V016,Petrol Van,Petrol,12,17.8,76,38572.0,462420.0,190372.0,10681.902,41155.38,16.923986311313907,0.276934097272633,1.597149848042111,-1
V017,CNG Bus,CNG,1,15.9,62,40342.0,519160.2,71613.0,18303.725,41273.2359,14.644122750483366,0.45371387139953395,-1.3965261323899412,1
V018,Diesel Truck,Diesel,11,4.1,89,44442.0,1338204.4000000001,181515.0,38982.476,27433.190199999997,34.19556725619909,0.8771539534674407,-0.2685372845279521,1
V019,CNG Bus,CNG,11,12.7,95,39763.0,540992.4,181006.0,19073.45,34353.0174,18.1575434449111,0.47967834418932176,0.4994327165946796,1
V020,Hybrid Car,Hybrid,12,17.5,82,38003.0,272260.0,190688.0,6289.206,23822.75,12.181880377864905,0.1654923558666421,1.1363140740607174,1
V021,Diesel Truck,Diesel,11,19.5,69,40087.0,1369125.6,179345.0,39883.224,133489.746,38.62774964452316,0.9949166562726072,1.5544978755364038,-1
V022,Diesel Truck,Diesel,8,18.7,85,45341.0,1469608.0,149621.0,42810.32,137408.348,35.71224719348934,0.9441856156679385,0.35530005112145746,1
V023,Diesel Truck,Diesel,6,20.7,81,39637.0,1279692.4,124260.0,37277.996,132448.1634,35.42024875747408,0.9404847995559704,0.2351959198154099,1
V024,Diesel Truck,Diesel,6,14.4,82,38529.0,1209652.8,123687.0,35237.712,87095.0016,34.60613563809079,0.9145763450907108,-0.09966323327702431,1
V025,Petrol Van,Petrol,12,18.6,77,46737.0,563860.0,194946.0,13025.166000000001,52438.98,16.235659113764257,0.27869067334231984,1.1476805116167057,1
V026,CNG Bus,CNG,5,25.5,58,41301.0,600077.4,116020.0,21156.575,76509.8685,17.33850027844362,0.5122533352703325,0.05744973925659883,1
V027,Diesel Truck,Diesel,6,29.7,77,46625.0,1560136.0,129998.0,45447.44,231680.196,36.249522788203755,0.9747440214477212,0.5762910244146914,1
V028,Petrol Van,Petrol,1,30.2,61,46465.0,525690.0,77354.0,12143.439,79379.19,12.978456903045302,0.26134593780264714,-0.9792331443697101,1
V029,Petrol Van,Petrol,8,10.7,74,48661.0,529120.0,151110.0,12222.672,28307.92,13.978956453833666,0.2511800415116829,-0.325919036213575,1
V030,Petrol Van,Petrol,7,6.2,67,43653.0,466530.0,137702.0,10776.843,14462.43,13.841706182851121,0.2468751975809223,-0.4155418034706854,1
V031,Diesel Truck,Diesel,5,15.4,51,53949.0,1748726.8,124201.0,50941.172000000006,134651.96360000002,34.716636082225804,0.9442468257057592,-0.054212442399930345,1
V032,Electric Van,Electric,10,24.3,90,42204.0,99498.6,169178.0,7849.334,12089.0799,6.366140650175338,0.18598554639370676,0.4219069399937048,1
V033,Hybrid Car,Hybrid,12,4.3,56,37150.0,274680.0,189444.0,6345.108,5905.62,12.493243606998654,0.1707969851951548,1.3398509727196584,1
V034,Petrol Van,Petrol,11,21.5,86,43666.0,517900.0,181748.0,11963.49,55674.25,16.02271790409014,0.27397723629368387,1.0086324766842423,1
V035,Electric Van,Electric,2,22.4,83,44007.0,93968.09999999999,87424.0,7413.039,10524.427199999998,4.1218919717317695,0.16845136001090735,-1.3023878898952086,1
V036,CNG Bus,CNG,9,9.7,96,44440.0,562645.2,160900.0,19836.85,27288.2922,16.28139513951395,0.4463737623762376,-0.5129994089594182,1
V037,Hybrid Car,Hybrid,3,12.0,57,46289.0,309820.0,97791.0,7156.842000000001,18589.2,8.805785391777745,0.15461215407548232,-1.0706257272701782,1
V038,Petrol Van,Petrol,5,13.4,51,47056.0,533480.0,119252.0,12323.388,35743.16,13.871387283236995,0.26188770826249574,-0.39616040383646234,1
V039,Diesel Truck,Diesel,12,6.1,71,42276.0,1360643.2,192463.0,39636.128000000004,41499.6176,36.7373024884095,0.937556249408648,0.7769234591681186,1
V040,Petrol Van,Petrol,8,21.1,69,46140.0,536130.0,151958.0,12384.603000000001,56561.715000000004,14.913047247507585,0.268413589076723,0.284030956592589,1
V041,CNG Bus,CNG,5,3.0,69,42553.0,518200.80000000005,116207.0,18269.9,7773.012000000001,14.908650388926752,0.42934458205061926,-1.2537782065001746,1
V042,Diesel Truck,Diesel,1,21.7,65,48590.0,1523188.8,76555.0,44371.152,165265.9848,32.923313438979214,0.9131745626672155,-0.7918378254596486,1
V043,Petrol Van,Petrol,10,18.4,69,44367.0,520310.0,173834.0,12019.161,47868.51999999999,15.645502287736381,0.2709031712759483,0.7623152406729566,1
V044,Petrol Van,Petrol,3,15.5,75,50052.0,527010.0,100877.0,12173.931,40843.275,12.54469351874051,0.2432256653080796,-1.2624753890509535,1
V045,Hybrid Car,Hybrid,11,19.6,64,37752.0,288740.0,178168.0,6669.894,28296.52,12.367768595041323,0.17667657342657342,1.2578284588086843,1
V046,Hybrid Car,Hybrid,2,7.1,68,43263.0,266020.0,82089.0,6145.062,9443.71,8.046344451378776,0.14203966437833715,-1.5670692352382858,1
V047,CNG Bus,CNG,6,11.3,97,43385.0,537264.0,127725.0,18942.0,30355.416,15.32762475509969,0.43660251238907455,-1.0276856812574242,1
V048,Electric Van,Electric,1,3.9,89,44586.0,84727.8,76529.0,6684.082,1652.1921,3.6167586237832503,0.14991436773875208,-1.6904905224769795,1
V049,Petrol Van,Petrol,11,13.3,72,50424.0,584420.0,186773.0,13500.102,38863.93,15.2941654767571,0.2677316753926702,0.532896551632582,1
V050,Hybrid Car,Hybrid,7,15.1,83,44444.0,295420.0,139054.0,6824.202,22304.21,9.775762757627577,0.15354608046080462,-0.43655539930078957,1
V051,Hybrid Car,Hybrid,10,17.0,80,47144.0,326390.0,173662.0,7539.609,27743.15,10.606906499236382,0.1599272229764127,0.10675994328957396,1
V052,Petrol Van,Petrol,7,17.2,68,46356.0,526130.0,139926.0,12153.603000000001,45247.18,14.368280265769265,0.26217971783587884,-0.07169529490531368,1
V053,Petrol Van,Petrol,10,14.5,58,46012.0,549610.0,173430.0,12695.991,39846.725,15.714161523080936,0.2759278231765626,0.8071488910933539,1
V054,Petrol Van,Petrol,2,26.2,80,42568.0,454050.0,84425.0,10488.555,59480.55,12.649760383386582,0.24639529693666604,-1.1938679969547534,1
V055,Diesel Truck,Diesel,7,24.9,42,36269.0,1284807.6,135152.0,37427.004,159958.54619999998,39.150778902092696,1.0319282031486945,1.7696290778992558,-1
V056,CNG Bus,CNG,10,16.1,73,39870.0,568409.4,168690.0,20040.075,45756.95670000001,18.487569601203912,0.5026354401805869,0.6775258246623026,1
V057,Diesel Truck,Diesel,7,9.7,63,42780.0,1359244.8,138932.0,39595.39200000001,65923.3728,35.02049555867228,0.9255584852734925,0.07077034502776285,1
V058,Petrol Van,Petrol,12,15.2,47,46896.0,589830.0,195559.0,13625.073,44827.08,16.747462470146708,0.2905380629477994,1.4818819143688062,1
V059,Petrol Van,Petrol,9,18.8,74,40361.0,470330.0,157300.0,10864.623,44211.02,15.550407571665717,0.26918616981739796,0.7002195410086115,1
V060,Petrol Van,Petrol,4,20.9,59,38977.0,455970.0,104985.0,10532.907000000001,47648.865,14.39194909818611,0.2702339071760269,-0.05623983355170897,1
V061,Hybrid Car,Hybrid,11,20.2,73,38311.0,275620.0,179958.0,6366.822,27837.62,11.891571611286576,0.1661878311712041,0.9465403934393823,1
V062,Electric Van,Electric,11,15.6,78,45481.0,105961.5,183491.0,8359.185,8264.997,6.364251005914558,0.18379510125107187,0.4204550938322304,1
V063,Electric Van,Electric,8,14.6,69,48686.0,114456.59999999999,153403.0,9029.354,8355.3318,5.501778745429897,0.18546099494721274,-0.24219716657042592,1
V064,Electric Van,Electric,10,28.0,50,32905.0,83718.9,163943.0,6604.491,11720.646,7.526573469077648,0.20071390366205744,1.3134874182561913,1
V065,Hybrid Car,Hybrid,10,14.2,69,38675.0,280210.0,166060.0,6472.851000000001,19894.91,11.538978668390433,0.1673652488687783,0.7160517956503272,1
V066,Diesel Truck,Diesel,1,19.6,78,44326.0,1335039.5999999999,73784.0,38890.284,130833.8808,31.78323331678924,0.8773695799305148,-1.2607729833444064,1
V067,Electric Van,Electric,12,9.9,68,37392.0,88477.2,188055.0,6979.8679999999995,4379.6214,7.395491014120668,0.18666741548994437,1.2127745152956249,1
V068,Diesel Truck,Diesel,6,10.9,84,43518.0,1293722.4,126774.0,37686.696,70507.8708,32.6415827933269,0.8660024817316974,-0.9077186326314884,1
V069,Petrol Van,Petrol,11,10.0,83,45438.0,508600.0,183887.0,11748.66,25430.0,15.240261455169682,0.2585646375280602,0.4976978773686473,1
V070,Diesel Truck,Diesel,1,14.2,74,42097.0,1286702.8,71146.0,37482.212,91355.8988,32.255239090671544,0.8903772715395396,-1.0666286440212676,1
V071,Hybrid Car,Hybrid,9,25.5,88,39413.0,280280.0,159299.0,6474.468000000001,35735.700000000004,11.153147438662371,0.1642723974323193,0.463835462581397,1
V072,Diesel Truck,Diesel,1,10.6,74,39738.0,1198263.2,72057.0,34905.928,63507.9496,31.96739141376013,0.8784017313402788,-1.185025494551324,1
V073,Hybrid Car,Hybrid,9,18.4,69,41907.0,290460.0,158908.0,6709.626,26722.32,10.722981840742596,0.160107523802706,0.18263793018828914,1
V074,Petrol Van,Petrol,11,26.4,52,45636.0,590760.0,185335.0,13646.556,77980.31999999999,17.00620124463143,0.2990305022350776,1.6508352053170143,-1
V075,Diesel Truck,Diesel,10,15.8,97,50396.0,1607792.0,177154.0,46835.68000000001,127015.568,35.41840622271609,0.9293531232637512,0.23443805261745648,1
V076,Petrol Van,Petrol,3,17.1,71,46041.0,495490.0,96603.0,11445.819,42364.395000000004,12.860124671488457,0.2486005734019678,-1.0565026606476227,1
V077,Diesel Truck,Diesel,2,16.2,71,45021.0,1359392.0,86829.0,39599.68,110110.752,32.12325359276782,0.8795824170942449,-1.1209166182551253,1
V078,Diesel Truck,Diesel,9,12.3,79,41454.0,1342114.4,160562.0,39096.376000000004,82540.0356,36.24924977083032,0.94312674289574,0.5761787275307914,1
V079,Diesel Truck,Diesel,9,16.8,55,40811.0,1422623.6,158788.0,41441.644,119500.3824,38.74964102815418,1.015452794589694,1.6046339616897223,-1
V080,Petrol Van,Petrol,1,5.6,73,39107.0,398840.0,71680.0,9213.204,11167.519999999999,12.031605594906283,0.23558963868361163,-1.5975155988154732,1
V081,Petrol Van,Petrol,2,24.1,79,47543.0,513510.0,89255.0,11862.081,61877.955,12.678312264686705,0.24950215594304104,-1.1752239637284803,1
V082,Diesel Truck,Diesel,1,24.8,57,42687.0,1373035.6,72375.0,39997.124,170256.4144,33.86067420994682,0.9369860613301474,-0.4062847291699582,1
V083,Hybrid Car,Hybrid,2,13.0,62,38364.0,247790.0,81373.0,5723.9490000000005,16106.35,8.579996872067563,0.1492010478573663,-1.2182227803405095,1
V084,Petrol Van,Petrol,1,15.8,79,41889.0,435570.0,72624.0,10061.667000000001,34410.03,12.131920074482561,0.24019830981880688,-1.5320114567017842,1
V085,Electric Van,Electric,11,11.9,78,46815.0,104918.4,183724.0,8276.895999999999,6242.6448,6.165596496849301,0.17680008544269996,0.2678254203894012,1
V086,Diesel Truck,Diesel,10,10.6,80,51627.0,1644509.2,176009.0,47905.268000000004,87158.9876,35.26290894299494,0.9279111317721348,0.17047926586427822,1
V087,CNG Bus,CNG,7,27.4,70,37881.0,572785.2,135229.0,20194.35,78471.57239999999,18.69048335577202,0.5330997069771125,0.7870248462751301,1
V088,Electric Van,Electric,10,26.4,50,43091.0,109512.0,172623.0,8639.279999999999,14455.583999999999,6.5474228957322875,0.20048919728017447,0.5611892048188682,1
V089,Petrol Van,Petrol,4,8.7,89,40136.0,401930.0,102411.0,9284.583,17483.954999999998,12.565801275662746,0.23132805959736896,-1.2486922790256056,1
V090,Diesel Truck,Diesel,2,23.4,81,39819.0,1252267.2,81769.0,36479.088,146515.2624,33.502503829829976,0.9161226550139382,-0.5536065537335737,1
V091,Hybrid Car,Hybrid,11,14.5,81,37721.0,272540.0,177078.0,6295.674,19759.15,11.919567349752127,0.16690103655788552,0.9648410958016941,1
V092,Diesel Truck,Diesel,2,3.3,85,39239.0,1118398.0,81242.0,32579.420000000002,18453.567,30.57264456280741,0.8302816075842911,-1.7587095909852024,1
V093,Diesel Truck,Diesel,4,20.2,90,46799.0,1397194.8,108286.0,40700.892,141116.6748,32.16908053590889,0.8696957627299728,-1.1020671844311631,1
V094,CNG Bus,CNG,12,11.8,71,46789.0,656237.4,194779.0,23136.575,38718.0066,18.18838615913997,0.49448748637500267,0.5160764726531772,1
V095,Petrol Van,Petrol,9,22.1,75,49555.0,573610.0,164984.0,13250.391000000001,63383.905000000006,14.904530319846636,0.2673875693673696,0.2784695058206632,1
V096,Diesel Truck,Diesel,8,20.6,72,49295.0,1646818.4,151610.0,47972.536,169622.29520000002,36.482977989654124,0.9731724515670961,0.6723152858857674,1
V097,Petrol Van,Petrol,9,19.9,74,39399.0,466130.0,158982.0,10767.603000000001,46379.935,15.86618949719536,0.27329635269930713,0.906421319796682,1
V098,Hybrid Car,Hybrid,1,13.7,65,38308.0,247670.0,69898.0,5721.177,16965.395,8.289861125613449,0.1493467944032578,-1.4078833583980437,1
V099,Petrol Van,Petrol,5,18.1,84,42807.0,459030.0,116077.0,10603.593,41542.215000000004,13.434882145443503,0.24770698717499476,-0.6811929803912615,1
V100,Hybrid Car,Hybrid,3,11.3,64,46791.0,305170.0,96758.0,7049.427,17242.105,8.589857023786626,0.15065775469641596,-1.2117772385635042,1
